<modbusServer Version="2.0">
  <modbusRegister name="COILS">
    <mapping variable="MobusDiscreteOutputCoils" parent="Micro820" dataType="AnyArray" address="00001" va="0x56c">
      <MBVarInfo ElemType="AnyArray" SubElemType="Bool" DataTypeSize="50">
        <MBArrayInfo ArrayDimension="1">
          <MBArrayDimensionInfo Index="0" Upper="49" Lower="0" />
        </MBArrayInfo>
      </MBVarInfo>
    </mapping>
  </modbusRegister>
  <modbusRegister name="DISCRETES_INPUTS">
    <mapping variable="ModbusDiscreteInputCoils" parent="Micro820" dataType="AnyArray" address="10001" va="0x5a0">
      <MBVarInfo ElemType="AnyArray" SubElemType="Bool" DataTypeSize="50">
        <MBArrayInfo ArrayDimension="1">
          <MBArrayDimensionInfo Index="0" Upper="49" Lower="0" />
        </MBArrayInfo>
      </MBVarInfo>
    </mapping>
  </modbusRegister>
  <modbusRegister name="INPUT_REGISTERS">
    <mapping variable="ModbusAnalogInput" parent="Micro820" dataType="AnyArray" address="30001" va="0x5d4">
      <MBVarInfo ElemType="AnyArray" SubElemType="Int" DataTypeSize="100">
        <MBArrayInfo ArrayDimension="1">
          <MBArrayDimensionInfo Index="0" Upper="49" Lower="0" />
        </MBArrayInfo>
      </MBVarInfo>
    </mapping>
  </modbusRegister>
  <modbusRegister name="HOLDING_REGISTERS">
    <mapping variable="ModbusAnalogOutput" parent="Micro820" dataType="AnyArray" address="40001" va="0x638">
      <MBVarInfo ElemType="AnyArray" SubElemType="Int" DataTypeSize="100">
        <MBArrayInfo ArrayDimension="1">
          <MBArrayDimensionInfo Index="0" Upper="49" Lower="0" />
        </MBArrayInfo>
      </MBVarInfo>
    </mapping>
  </modbusRegister>
</modbusServer>